keys,en,zh_CN
weapon.25.name,Cannon,重炮
weapon.25.role_summary,Low-frequency heavy strike,低频重击
weapon.25.desc,"Long-range heavy cannon. Support mode charges an empowered Breach Shot after 5 seconds.","远程重型火炮。处于支援模式 5 秒后，可预备一发强化破阵炮击。"
weapon.10.name,Chainsaw Launcher,链锯发射器
weapon.10.role_summary,Mid-close sustained cutting,中近距离持续切割
weapon.10.desc,"Close-range projectile saw that ricochets inside its spawn cell. Boundary contact arms slowing vulnerability hits and extends that projectile's lifetime.","近距离投射锯刃，会在出生 cell 内弹射；接触边界后，命中会施加减速和易伤，并延长该投射物的生命周期。"
weapon.2.name,Charged Blaster,蓄能爆破枪
weapon.2.role_summary,Charged burst,蓄力爆发
weapon.2.desc,"Mid-range Energy resonance beam. Each damage event grants 3 global energy; a full-energy beam locks its first target and ramps from +55% to +125% damage through repeated hits.","中距离能量共振光束。每次伤害获得 3 点全局能量；满能量光束锁定首个目标，重复命中会使额外伤害从 55% 提升至 125%。"
weapon.11.name,Dash Blade,冲刺刃
weapon.11.role_summary,High-mobility piercing,高机动穿刺
weapon.11.desc,"Close melee dash weapon. Triggers on long dash hits, fits Close and Melee builds, and can branch into Freeze control.","近战冲刺武器。长距离冲刺命中时触发收益，适合近战和接触构筑，也可分支为冻结控制。"
weapon.13.name,Flamethrower,喷火器
weapon.13.role_summary,Close sustained area damage,近距离持续范围伤害
weapon.13.desc,"Short-range fire cone. Core Heat and Area weapon whose damage grows as heat rises, rewarding sustained high-heat pressure.","短距离火焰锥形喷射。核心热量和范围武器；热量越高，伤害越强，鼓励维持高热压制。"
weapon.21.name,Glacier Projector,冰川投射器
weapon.21.role_summary,Area slow control,范围减速控制
weapon.21.desc,"Mid-range Freeze cone. Freeze hits trigger Cold Snap as it recharges, supporting Freeze and Area control builds.","中距离冻结锥形武器。冻结命中会在冷冽回响充能时触发它，支撑冻结和范围控制构筑。"
weapon.9.name,Laser,激光
weapon.9.role_summary,Mid-range precision beam,中距离精准光束
weapon.9.desc,"Mid-range Energy focus beam. Each damage event grants 6 global energy; firing at full energy begins a 2.5-second channel that drains the pool for wider, +30% damage beams.","中距离能量聚焦光束。每次伤害获得 6 点全局能量；满能量开火进入 2.5 秒聚焦，逐步消耗能量并获得更宽、额外 30% 伤害的光束。"
weapon.1.name,Machine Gun,机枪
weapon.1.role_summary,Mid-range sustained fire,中距离持续火力
weapon.1.desc,"Sustained mid-range automatic fire. Core Heat and Projectile weapon: spending magazine ammo before reload expands shared heat capacity.","中距离持续自动火力。核心热量和投射物武器：换弹前消耗弹匣弹药可扩展共享热量容量。"
weapon.7.name,Orbit,轨道卫星
weapon.7.role_summary,Close automatic defense,近身自动防御
weapon.7.desc,"Close support summon. Consumes magazine ammo to deploy slowing satellites, then rewards Defense and On Hit builds when the player is pressured.","近身支援召唤物。消耗弹匣弹药部署减速卫星，在玩家承压时为防御和命中流构筑提供收益。"
weapon.5.name,Auto Pistol,自动手枪
weapon.5.role_summary,Flexible steady output,灵活稳定输出
weapon.5.desc,"Auto-targeting sidearm outside the main-weapon cycle. Six uninterrupted hits open a 3-second Pierce Mark window.","不参与主武器循环的自动索敌副枪；连续命中 6 次会开启 3 秒穿透标记窗口。"
weapon.17.name,Plasma Lance,等离子长枪
weapon.17.role_summary,Linear piercing damage,直线贯穿伤害
weapon.17.desc,"Long-range Heat/Energy exchange lance. Full-energy discharge deals 1.85x damage and spends up to 35 Heat.","远程热量/能量交换长枪。满能量放电造成 1.85 倍伤害，并消耗最多 35 点热量。"
weapon.8.name,Rocket Launcher,火箭发射器
weapon.8.role_summary,Long-range area blast,远距离范围爆破
weapon.8.desc,"Long-range Area launcher. Slow rockets and growing blasts clear groups, while Cluster Kill charges reward grouped enemy cleanup.","远程范围发射器。慢速火箭和逐步扩大的爆炸用于清理敌群，集群击杀充能奖励成群清场。"
weapon.4.name,Shotgun,霰弹枪
weapon.4.role_summary,Close-range burst,近距离爆发
weapon.4.desc,"Close-range pellet burst. Fits Close and Projectile builds; multiple pellets on one target spend Close Hit charges for bonus final damage.","近距离弹丸爆发。适合近战和投射物构筑；多个弹丸命中同一目标时消耗近距命中充能，获得额外最终伤害。"
weapon.26.name,Sniper,狙击枪
weapon.26.role_summary,Extreme-range heavy strike,超远距离重击
weapon.26.desc,"Long-range Projectile rifle. Support charge or Crossfire primes the next shot for the maximum 1.8x distance multiplier.","远程投射物步枪。支援蓄力或触发交叉火力，都会使下一发获得最高 1.8 倍距离倍率。"
weapon.3.name,Spear Launcher,长矛发射器
weapon.3.role_summary,Mid-range piercing control,中距离穿刺控制
weapon.3.desc,"Mid-range Projectile spear. Repeat hits build Mark charge; reload with enough charge to launch a marking radial volley.","中距离投射长矛。重复命中会积累标记充能；充能足够时换弹会发射施加标记的环形齐射。"
passive.piercing_blade_dance.name,Piercing Blade Dance,穿刺轮舞
passive.piercing_blade_dance.desc,"Repeated damage from the same spear builds charge. Start reloading at 10 charge to launch an 8-direction volley. Its hits mark surviving enemies for 20 seconds and knock them away.","同一根长矛重复伤害同一敌人可积累充能。达到 10 点充能时开始装填，发射 8 方向齐射；命中存活敌人后施加持续 20 秒的标记并将其击退。"
passive.cannon_idle_fire_triggered.name,Breach Shot,破阵炮击
passive.cannon_idle_fire_triggered.desc,"Keep the Cannon in support mode for 5 seconds to prime one 1.45x-damage shot that makes its target take 20% more damage for 4 seconds.","重炮处于支援模式 5 秒后，下一发造成 1.45 倍伤害，并使目标在 4 秒内受到的伤害提高 20%。"
passive.cannon_zero_energy_cycle.name,Zero Burst,零点爆发
passive.cannon_zero_energy_cycle.desc,"Stored burst cycle. Each valid damage event grants 10 global energy. Full-energy fire deals 2x direct damage, then releases a 90-radius secondary pulse with stronger execute payoff.","蓄能爆发循环。每次有效伤害获得 10 点全局能量。满能量射击造成 2 倍直接伤害，随后释放半径 90 的二次脉冲，并获得更强的斩杀收益。"
passive.chainsaw_wall_contact_triggered.name,Wall Contact,触壁回旋
passive.chainsaw_wall_contact_triggered.desc,"Reach 3 uninterrupted Chainsaw hits to arm slow and vulnerability; boundary bounces still extend projectile lifetime.","链锯连续命中 3 次后，后续命中可施加减速与易伤；边界反弹仍会延长弹体寿命。"
passive.charged_blaster_multi_hit_triggered.name,Beam Resonance,光束共振
passive.charged_blaster_multi_hit_triggered.desc,"Locking resonance cycle. Each valid beam damage event grants 3 global energy. At full energy, the beam starts at +55% damage and ramps to +125% through repeated hits on its first target.","锁定共振循环。每次有效光束伤害获得 3 点全局能量。满能量时，光束初始伤害提高 55%，并通过持续命中首个目标逐步提升至 125%。"
passive.dash_blade_long_dash_hit_triggered.name,Long Dash Hit,长距突斩
passive.dash_blade_long_dash_hit_triggered.desc,"Reach 3 uninterrupted Dash Blade hits to trigger its control payoff. Dash Blade remains outside the main-weapon swap cycle.","冲刺刃连续命中 3 次后触发控制收益；冲刺刃仍不参与主武器切换循环。"
passive.flamethrower_heat_prepared.name,Heat Prepared,热能预备
passive.flamethrower_heat_prepared.desc,"Spend all four quarters of a Flamethrower magazine to gain +10% fire damage for 10 seconds. The bonus applies to fire damage from every weapon and stacks up to +20%.","消耗喷火器弹匣的全部四个区段后，获得持续 10 秒的 10% 火焰伤害加成；该加成作用于所有武器的火焰伤害，最高叠加至 20%。"
passive.glacier_cold_snap_triggered.name,Cold Snap,寒潮骤袭
passive.glacier_cold_snap_triggered.desc,"Keep Glacier Projector in support mode for 5 seconds: its next attack freezes non-bosses for 1 second and slows bosses to 50% for 1 second.","冰川投射器处于支援模式 5 秒后，下一次攻击冻结非首领 1 秒，并使首领在 1 秒内减速至 50%。"
passive.laser_focus_channel_triggered.name,Focus Channel,聚焦引导
passive.laser_focus_channel_triggered.desc,"Sustained focus cycle. Each valid damage event grants 6 global energy. Firing at full energy starts a 2.5-second channel that gradually drains the pool and grants +30% damage and wider beams.","持续聚焦循环。每次有效伤害获得 6 点全局能量。满能量时开火会开始 2.5 秒引导，逐步消耗能量，并使伤害提高 30%、光束变宽。"
passive.machine_gun_heat_expansion.name,Thermal Amplification,热能增幅
passive.machine_gun_heat_expansion.desc,"Each 25% of a magazine spent restores 1 of 4 charges. Starting reload consumes all charges and grants the Machine Gun +8% damage per charge for 8 seconds.","每消耗弹匣容量的 25% 获得 1 层，最多 4 层。开始装填会消耗全部层数，使机枪每层获得 8% 伤害，持续 8 秒。"
passive.orbit_energy_cycle.name,Orbital Pulse,轨道脉冲
passive.orbit_energy_cycle.desc,"Deployment energy cycle. Each valid satellite damage event grants 8 global energy. Full-energy deployment adds 2 satellites and extends their lifetime by 50% instead of multiplying direct damage.","部署能量循环。每次有效卫星伤害获得 8 点全局能量。满能量部署会额外增加 2 颗卫星并延长 50% 持续时间，而非提高直接伤害倍率。"
passive.orbit_player_damaged_triggered.name,Damage Reaction,受击反应
passive.orbit_player_damaged_triggered.desc,"Switch Orbit into the main slot to empower its next deployment.","将轨道武器切入主武器栏位，强化下一次部署。"
passive.pistol_arc_energy_cycle.name,Arc Discharge,电弧释放
passive.pistol_arc_energy_cycle.desc,"Propagation energy cycle. Each valid Arc damage event grants 12 global energy. Full-energy fire gains +15% direct damage and chains 45% damage to up to 3 nearby enemies.","传导能量循环。每次有效电弧伤害获得 12 点全局能量。满能量射击获得 15% 直接伤害加成，并向最多 3 个附近敌人传导 45% 伤害。"
passive.pistol_continuous_move_triggered.name,Pierce Mark,穿透标记
passive.pistol_continuous_move_triggered.desc,"Reach 6 uninterrupted Auto Pistol hits to open a 3-second marking window. Auto Pistol remains outside the main-weapon swap cycle.","自动手枪连续命中 6 次后开启 3 秒标记窗口；自动手枪仍不参与主武器切换循环。"
passive.plasma_lance_energy_discharge_triggered.name,Plasma Discharge,等离子释放
passive.plasma_lance_energy_discharge_triggered.desc,"Heat-exchange release. Each valid damage event grants 10 global energy. Full-energy fire deals 1.85x damage and spends up to 35 Heat.","热量交换释放。每次有效伤害获得 10 点全局能量；满能量射击造成 1.85 倍伤害，并消耗最多 35 点热量。"
passive.rocket_cluster_kill_triggered.name,Cluster Kill,集群歼灭
passive.rocket_cluster_kill_triggered.desc,"Every Rocket Launcher kill releases the cluster payoff, with a short internal cooldown.","火箭发射器每次击杀都会触发集群收益，并受短暂内部冷却限制。"
passive.shotgun_close_hit_triggered.name,Close Hit,近距轰击
passive.shotgun_close_hit_triggered.desc,"Switch Shotgun into the main slot to empower its first volley; hitting a target recently struck by another weapon triggers its breach payoff.","将霰弹枪切入主武器栏位会强化第一轮齐射；命中刚被其他武器攻击的目标时触发破阵收益。"
passive.sniper_far_hit_triggered.name,Far Hit,远距狙击
passive.sniper_far_hit_triggered.desc,"Charge in support mode for 5 seconds or trigger Crossfire to prime the next Sniper shot for the maximum 1.8x distance multiplier.","处于支援模式 5 秒完成蓄力或触发交叉火力，都会使狙击枪下一发获得最高 1.8 倍距离倍率。"
branch.thermal_cannon_branch.name,Thermal Cannon,热能重炮
branch.thermal_cannon_branch.desc,Thermal branch: injects heat mechanics and converts shots to fire damage with heat-scaled output.,热能分支：注入热量机制，将炮弹转化为火焰伤害，并随热量提高输出。
branch.zero_cannon_branch.name,Zero Cannon,零式重炮
branch.zero_cannon_branch.desc,"Stored Energy branch: full-energy fire deals 2x direct damage and releases a secondary pulse with stronger execute payoff.","储能分支：满能量射击造成 2 倍直接伤害，并释放一次对低生命目标更强的二段脉冲。"
branch.explosive_saw.name,Explosive Saw,爆裂链锯
branch.explosive_saw.desc,"First hit arms the saw: it slows down, grows, then explodes at 2x size with physical AoE.","首次命中会启动锯刃：锯刃减速、膨胀，随后以 2 倍尺寸爆炸并造成范围物理伤害。"
branch.ricochet_saw.name,Ricochet Saw,弹射链锯
branch.ricochet_saw.desc,"On first hit, saw splits once. The split saw chases the nearest enemy.","首次命中时锯刃分裂一次；分裂出的锯刃会追踪最近的敌人。"
branch.focus_lance.name,Focus Lance,聚焦长枪
branch.focus_lance.desc,"Single-target boss beam: thinner, longer, harder-hitting sustained lance with first-hit lock.","对单首领光束：变得更细、更长且持续伤害更高，并锁定首次命中的目标。"
branch.prism_fan.name,Prism Fan,棱镜扇射
branch.prism_fan.desc,"Main beam plus two side beams for wide-area coverage, with reduced single-target focus.","主光束两侧增加两道侧向光束，以降低对单能力换取大范围覆盖。"
branch.frost_dash.name,Frost Dash Blade,霜冻冲刺刃
branch.frost_dash.desc,Dash attacks inflict bonus freeze finish and leave a short-lived frost field.,冲刺攻击会追加冻结终结效果，并留下一片短暂存在的霜冻区域。
branch.dash_return_execute.name,Returning Execution,回刃处决
branch.dash_return_execute.desc,"Outbound hits open a wound; hitting the same target on the return path deals missing-health-scaled physical damage.","向外冲刺命中会留下裂口；返程再次命中同一目标时，造成随目标已损生命提高的物理伤害。"
branch.glacier_whiteout_expansion.name,Whiteout Expansion,白障扩张
branch.glacier_whiteout_expansion.desc,Glacier Projector cone angle expands by 20% without reducing range or damage.,冰川投射器的锥形角度扩大 20%，且不会降低射程或伤害。
branch.glacier_subzero_battery.name,Subzero Battery,零下电池
branch.glacier_subzero_battery.desc,Cold Snap restores 6 ammo, capped by the current magazine.,冷冽回响恢复 6 发弹药，但不会超过当前弹匣上限。
branch.fire_pulse_aura.name,Fire Pulse Aura,火焰脉冲光环
branch.fire_pulse_aura.desc,"Periodically emits a fire pulse centered on the mech, scorching nearby enemies.","以机甲为中心周期性释放火焰脉冲，灼烧附近敌人。"
branch.long_cone_flame.name,Long Cone Flame,长锥烈焰
branch.long_cone_flame.desc,Extends flamethrower cone reach for safer mid-range burn control.,延长喷火器的锥形射程，以便在更安全的中距离进行燃烧控制。
branch.laser_tracking_lens.name,Tracking Lens,追踪透镜
branch.laser_tracking_lens.desc,"Laser beams independently correct up to 15 degrees toward nearby enemies. With Prism Splitter, each beam tracks its own target without damage loss.","每道激光会独立向附近敌人修正最多 15 度；与棱镜分光器组合时，每道光束各自追踪目标且不损失伤害。"
branch.laser_prism_splitter.name,Prism Splitter,棱镜分光器
branch.laser_prism_splitter.desc,"Laser shots split into a central beam and two angled prism beams, allowing one shot to sweep multiple lanes.","激光射击分裂为一道中央光束和两道斜向棱镜光束，使单次射击能够横扫多条路线。"
branch.shield_mg.name,Shield Machine Gun,护盾机枪
branch.shield_mg.desc,Deploys a frontal shield that blocks hostile shots and interrupts enemy movement.,部署一面正面护盾，阻挡敌方弹幕并打断敌人的移动。
branch.gatling_mg.name,Gatling Thermal,热能加特林
branch.gatling_mg.desc,"Thermal twin-barrel retrofit for Machine Gun: faster cadence, split lanes, and extra heat buildup.","机枪的热能双管改装：射速更快、弹道分流，并积累更多热量。"
branch.energy_orbit.name,Energy Orbit,能量轨道
branch.energy_orbit.desc,"Satellite hits become Energy damage and grant 8 global energy per event; full-energy deployment adds 2 satellites and extends lifetime by 50%.","卫星命中转化为能量伤害，每次获得 8 点全局能量；满能量部署额外增加 2 枚卫星并延长 50% 持续时间。"
branch.frost_orbit.name,Frost Orbit,霜冻轨道
branch.frost_orbit.desc,Orbit hits become freeze damage and apply a small player-to-target knockback.,轨道卫星的命中转化为冻结伤害，并沿玩家到目标的方向施加小幅击退。
branch.arc_coil.name,Arc Coil,电弧线圈
branch.arc_coil.desc,"Energy propagation branch: shots grant 12 global energy per event; full-energy fire gains +15% direct damage and chains 45% damage to 3 nearby enemies.","能量传播分支：每次命中获得 12 点全局能量；满能量射击获得 15% 直接增伤，并向附近最多 3 个敌人连锁 45% 伤害。"
branch.cryo_carbine.name,Cryo Carbine,低温卡宾枪
branch.cryo_carbine.desc,Freeze branch: shots apply freeze and every third hit releases a shard to nearby enemies.,冻结分支：射击施加冻结，每第三次命中会向附近敌人释放一枚冰片。
branch.plasma_overcharge_lance.name,Overcharge Lance,过载长枪
branch.plasma_overcharge_lance.desc,"Sustained Heat branch: firing above 70% heat builds timed Overcharge stacks, rewarding continued high-heat operation with more damage.","持续热量分支：热量高于 70% 时射击会积累有时限的过载层数，以更高伤害奖励持续高热运转。"
branch.plasma_piercing_lance.name,Piercing Lance,穿透长枪
branch.plasma_piercing_lance.desc,"Projectile branch: restores high pierce and increases damage after each pierce, favoring lined-up multi-target fights over burst Heat spending.","投射物分支：恢复高穿透能力，并在每次穿透后提高伤害；相比爆发式消耗热量，更适合对付排成一线的多个目标。"
branch.napalm_rocket.name,Napalm Rocket,凝固汽油火箭
branch.napalm_rocket.desc,Explosions persist as burning zones for area denial and grouped enemy cleanup.,爆炸会留下持续燃烧区域，用于封锁地面并清理成群敌人。
branch.salvo_rocket.name,Salvo Rocket,齐射火箭
branch.salvo_rocket.desc,Fires a spread of reduced-damage rockets to saturate a wider enemy group.,散射多枚低伤害火箭，以火力覆盖更大范围的敌群。
branch.shatter_buckshot.name,Shatter Buckshot,碎冰霰弹
branch.shatter_buckshot.desc,Freeze pellets can shatter targets after rapid multi-hit bursts.,冻结弹丸在短时间内多次命中后可粉碎目标。
branch.shotgun_double_breach.name,Double Breach,双管破门
branch.shotgun_double_breach.desc,"Spends 2 ammo to fire two reduced-damage pellet waves; the tighter delayed wave applies short vulnerability after repeated hits.","消耗 2 发弹药发射两轮低倍率霰弹；更集中的延迟第二轮在重复命中后施加短时易伤。"
branch.sniper_deep_pierce.name,Deep Pierce,深层穿透
branch.sniper_deep_pierce.desc,Each pierce increases projectile damage for the remaining hits.,每穿透一个目标，投射物后续命中的伤害都会提高。
branch.sniper_impact_burst.name,Impact Burst,冲击爆裂
branch.sniper_impact_burst.desc,Sniper hits trigger physical burst damage around the target.,狙击命中会在目标周围触发范围物理爆裂伤害。
branch.spear_multi_pierce.name,Multi-Pierce,多重穿刺
branch.spear_multi_pierce.desc,Fires 3-5 spears in a spread pattern. Each spear deals reduced damage.,以扇形发射 3 至 5 根长矛，每根长矛造成较低伤害。
branch.spear_rending.name,Rending Thrust,撕裂突刺
branch.spear_rending.desc,Repeated hits on the same target increase damage. Resets after a time window.,重复命中同一目标会提高伤害；超过时间窗口后重置。
module.wmod_base.name,Base Module,基础模组
module.wmod_brittle_trigger_freeze.name,Brittle Trigger,脆化触发器
module.wmod_bullet_size_stat.name,Size Up,弹体增幅
module.wmod_cryo_infuser_freeze.name,Cryo Infuser,冷冻灌注器
module.wmod_damage_up_stat.name,Damage Up,伤害增幅
module.wmod_reload_blast_damage.name,Reload Burst,换弹爆破
module.wmod_reload_blast_knockback.name,Reload Shockwave,换弹震波
module.wmod_reload_damage_boost.name,Reloaded Force,换弹强袭
module.wmod_reload_move_boost.name,Reload Sprint,换弹疾行
module.wmod_reload_support_boost.name,Reload Relay,换弹接力
module.wmod_reload_shield_boost.name,Reload Barrier,换弹屏障
module.wmod_reload_speed_link.name,Reload Link,换弹联动
module.wmod_trail_aoe_freeze.name,Frost Trail,霜冻轨迹
module.wmod_dot_on_hit.name,Damage Over Time,持续伤害
module.wmod_heat_capacity_heat.name,Thermal Inertia,热惯性
module.wmod_heat_concentration_heat.name,Heat Concentration,热量聚焦
module.wmod_heat_vent_heat.name,Thermal Equalizer,热平衡器
module.wmod_lifesteal_on_hit.name,Life Steal,生命汲取
module.wmod_lightning_chain_on_hit.name,Lightning Chain,闪电链
module.wmod_permafrost_field_freeze.name,Permafrost Field,永冻领域
module.wmod_pierce_stat.name,Pierce,贯穿
module.wmod_projectile_speed_stat.name,Faster Speed,弹速提升
module.wmod_stun_on_hit.name,Stun On Hit,命中眩晕
module.wmod_subzero_extension_freeze.name,Subzero Extension,极寒延伸
module.wmod_battle_focus_buff.name,Battle Focus,战斗专注
module.wmod_bleed_edge_physical.name,Bleed Edge,流血锋刃
module.wmod_chill_chain_freeze.name,Chill Chain,寒意链
module.wmod_corrosive_touch_energy.name,Corrosive Touch,腐蚀触碰
module.wmod_ember_mark_fire.name,Ember Mark,余烬标记
module.wmod_ice_prison_freeze.name,Ice Prison,冰封牢笼
module.wmod_molten_splash_fire.name,Molten Splash,熔火飞溅
module.wmod_momentum_haste.name,Momentum Haste,动量加速
module.wmod_plague_seed_dot.name,Plague Seed,瘟疫种子
module.wmod_shatter_strike_freeze.name,Shatter Strike,碎裂打击
module.wmod_vampiric_surge.name,Vampiric Surge,吸血涌动
module.wmod_area_expander.name,Area Expander,范围扩展器
module.wmod_crit_amplifier.name,Crit Amplifier,暴击增幅器
module.wmod_crit_calibrator.name,Crit Calibrator,暴击校准器
module.wmod_dash_cooler.name,Dash Cooler,冲刺冷却器
module.wmod_diffusion_nozzle.name,Diffusion Nozzle,扩散喷嘴
module.wmod_expanded_magazine.name,Expanded Magazine,扩容弹匣
module.wmod_fast_reload.name,Fast Reload,快速装填
module.wmod_heat_throttle.name,Heat Throttle,热量节流器
module.wmod_impact_coil.name,Impact Coil,冲击线圈
module.wmod_multi_launcher.name,Multi Launcher,多重发射器
module.wmod_quick_cycle.name,Quick Cycle,快速循环
module.wmod_recovery_magnet.name,Recovery Magnet,回收磁体
module.wmod_firepower_diffusion.name,Firepower Diffusion,火力扩散
module.wmod_rhythm_converter.name,Rhythm Converter,节奏转换器
module.wmod_penetration_momentum.name,Penetration Momentum,贯穿动能
module.wmod_weakness_relay.name,Weakness Relay,弱点接力
module.wmod_overkill_recovery.name,Overkill Recovery,过量回收
module.wmod_magazine_pressure.name,Magazine Pressure,弹仓余压
module.wmod_inertial_aim.name,Inertial Aim,惯性瞄准
module.wmod_crossfire.name,Crossfire,交叉火力
module.wmod_kill_endurance.name,Kill Endurance,击杀续航
module.wmod_dash_impact.name,Dash Impact,冲刺震击
module.wmod_frost_resonance.name,Frost Resonance,霜冻共振
module.wmod_skill_overdrive.name,Skill Overdrive,技能过载
module.wmod_dash_impact.effect.1,"Deals 70% weapon damage after a long movement skill","长距离位移技能结束后造成 70% 武器伤害"
module.wmod_dash_impact.effect.2,"Deals 95% weapon damage after a long movement skill","长距离位移技能结束后造成 95% 武器伤害"
module.wmod_dash_impact.effect.3,"Deals 120% weapon damage after a long movement skill","长距离位移技能结束后造成 120% 武器伤害"
module.wmod_dash_impact.detail.1,Travel at least 180 px with a movement skill to trigger a 150 px shockwave,位移技能实际移动至少 180 像素时触发半径 150 像素的武器震波
module.wmod_dash_impact.detail.2,Triggers once per skill use,每次技能释放最多触发一次
module.wmod_frost_resonance.effect.1,"Frost burst deals 45% weapon damage","霜冻爆发造成 45% 武器伤害"
module.wmod_frost_resonance.effect.2,"Frost burst deals 65% weapon damage","霜冻爆发造成 65% 武器伤害"
module.wmod_frost_resonance.effect.3,"Frost burst deals 85% weapon damage","霜冻爆发造成 85% 武器伤害"
module.wmod_frost_resonance.detail.1,Skill damage against a frosted target triggers a freeze burst,技能伤害命中带有霜冻层数的目标时触发冻结爆发
module.wmod_frost_resonance.detail.2,Each target can trigger once per skill use,每个目标在一次技能释放中最多触发一次
module.wmod_skill_overdrive.effect.1,"High-energy skills grant 20% weapon damage","高能耗技能使武器伤害提高 20%"
module.wmod_skill_overdrive.effect.2,"High-energy skills grant 30% weapon damage","高能耗技能使武器伤害提高 30%"
module.wmod_skill_overdrive.effect.3,"High-energy skills grant 40% weapon damage","高能耗技能使武器伤害提高 40%"
module.wmod_skill_overdrive.detail.1,Spend at least 50 energy on a skill to gain weapon damage for 4 seconds,技能消耗至少 50 点能量时使武器伤害提高 4 秒
module.wmod_skill_overdrive.detail.2,Refreshing the effect replaces its duration,再次触发会刷新效果持续时间
module.wmod_area_expander.effect.1,"Area effect radius +15%","范围效果半径 +15%"
module.wmod_area_expander.effect.2,"Area effect radius +22%","范围效果半径 +22%"
module.wmod_area_expander.effect.3,"Area effect radius +29%","范围效果半径 +29%"
module.wmod_battle_focus_buff.effect.1,"Crit chance +1.5% per stack, up to 6 stacks","每层暴击率 +1.5%，最多 6 层"
module.wmod_battle_focus_buff.effect.2,"Crit chance +2.0% per stack, up to 6 stacks","每层暴击率 +2.0%，最多 6 层"
module.wmod_battle_focus_buff.effect.3,"Crit chance +2.5% per stack, up to 6 stacks","每层暴击率 +2.5%，最多 6 层"
module.wmod_bleed_edge_physical.effect.1,"Bleed lasts 2.4s and deals 2 damage per movement trigger","流血持续 2.4 秒，每次移动触发造成 2 点伤害"
module.wmod_bleed_edge_physical.effect.2,"Bleed lasts 3.0s and deals 3 damage per movement trigger","流血持续 3.0 秒，每次移动触发造成 3 点伤害"
module.wmod_bleed_edge_physical.effect.3,"Bleed lasts 3.8s and deals 4 damage per movement trigger","流血持续 3.8 秒，每次移动触发造成 4 点伤害"
module.wmod_brittle_trigger_freeze.effect.1,"Brittle bonus damage equals 20% of weapon damage","脆化额外伤害等于武器伤害的 20%"
module.wmod_brittle_trigger_freeze.effect.2,"Brittle bonus damage equals 28% of weapon damage","脆化额外伤害等于武器伤害的 28%"
module.wmod_brittle_trigger_freeze.effect.3,"Brittle bonus damage equals 36% of weapon damage","脆化额外伤害等于武器伤害的 36%"
module.wmod_bullet_size_stat.effect.1,"Projectile size +20%","投射物尺寸 +20%"
module.wmod_bullet_size_stat.effect.2,"Projectile size +27%","投射物尺寸 +27%"
module.wmod_bullet_size_stat.effect.3,"Projectile size +34%","投射物尺寸 +34%"
module.wmod_chill_chain_freeze.effect.1,"Chain slow to 88% speed for 1.2s","连锁减速至 88% 移动速度，持续 1.2 秒"
module.wmod_chill_chain_freeze.effect.2,"Chain slow to 82% speed for 1.5s","连锁减速至 82% 移动速度，持续 1.5 秒"
module.wmod_chill_chain_freeze.effect.3,"Chain slow to 76% speed for 1.8s","连锁减速至 76% 移动速度，持续 1.8 秒"
module.wmod_corrosive_touch_energy.effect.1,"Corrosion lasts 2.8s; -1 armor and +4% damage taken per stack","腐蚀持续 2.8 秒；每层护甲 -1，受到伤害 +4%"
module.wmod_corrosive_touch_energy.effect.2,"Corrosion lasts 3.5s; -1 armor and +6% damage taken per stack","腐蚀持续 3.5 秒；每层护甲 -1，受到伤害 +6%"
module.wmod_corrosive_touch_energy.effect.3,"Corrosion lasts 4.2s; -2 armor and +8% damage taken per stack","腐蚀持续 4.2 秒；每层护甲 -2，受到伤害 +8%"
module.wmod_crit_amplifier.effect.1,"While host weapon is main: player crit damage +15%","宿主武器为主武器时：玩家暴击伤害 +15%"
module.wmod_crit_amplifier.effect.2,"While host weapon is main: player crit damage +25%","宿主武器为主武器时：玩家暴击伤害 +25%"
module.wmod_crit_amplifier.effect.3,"While host weapon is main: player crit damage +35%","宿主武器为主武器时：玩家暴击伤害 +35%"
module.wmod_crit_calibrator.effect.1,"While host weapon is main: player crit chance +4%","宿主武器为主武器时：玩家暴击率 +4%"
module.wmod_crit_calibrator.effect.2,"While host weapon is main: player crit chance +6%","宿主武器为主武器时：玩家暴击率 +6%"
module.wmod_crit_calibrator.effect.3,"While host weapon is main: player crit chance +8%","宿主武器为主武器时：玩家暴击率 +8%"
module.wmod_crossfire.effect.1,"Hit an enemy recently hit by another weapon: +16% damage for 2.5s","命中刚被其他武器击中的敌人：伤害 +16%，持续 2.5 秒"
module.wmod_crossfire.effect.2,"Hit an enemy recently hit by another weapon: +23% damage for 2.5s","命中刚被其他武器击中的敌人：伤害 +23%，持续 2.5 秒"
module.wmod_crossfire.effect.3,"Hit an enemy recently hit by another weapon: +30% damage for 2.5s","命中刚被其他武器击中的敌人：伤害 +30%，持续 2.5 秒"
module.wmod_cryo_infuser_freeze.effect.1,"Adds 3 freeze damage on hit","命中时附加 3 点冻结伤害"
module.wmod_cryo_infuser_freeze.effect.2,"Adds 4 freeze damage on hit","命中时附加 4 点冻结伤害"
module.wmod_cryo_infuser_freeze.effect.3,"Adds 5 freeze damage on hit","命中时附加 5 点冻结伤害"
module.wmod_dash_cooler.effect.1,"While host weapon is main: player dash cooldown -15%","宿主武器为主武器时：玩家冲刺冷却 -15%"
module.wmod_dash_cooler.effect.2,"While host weapon is main: player dash cooldown -22%","宿主武器为主武器时：玩家冲刺冷却 -22%"
module.wmod_dash_cooler.effect.3,"While host weapon is main: player dash cooldown -29%","宿主武器为主武器时：玩家冲刺冷却 -29%"
module.wmod_dot_on_hit.effect.1,"Applies 5 ticks of 1 damage","施加 5 次持续伤害，每次 1 点"
module.wmod_dot_on_hit.effect.2,"Applies 7 ticks of 1 damage","施加 7 次持续伤害，每次 1 点"
module.wmod_dot_on_hit.effect.3,"Applies 9 ticks of 2 damage","施加 9 次持续伤害，每次 2 点"
module.wmod_diffusion_nozzle.effect.1,"Cone attack angle +15%","锥形攻击角度 +15%"
module.wmod_diffusion_nozzle.effect.2,"Cone attack angle +22%","锥形攻击角度 +22%"
module.wmod_diffusion_nozzle.effect.3,"Cone attack angle +29%","锥形攻击角度 +29%"
module.wmod_ember_mark_fire.effect.1,"4 marks trigger a 30% weapon-damage fire burst","4 层标记触发相当于 30% 武器伤害的火焰爆发"
module.wmod_ember_mark_fire.effect.2,"3 marks trigger a 42% weapon-damage fire burst","3 层标记触发相当于 42% 武器伤害的火焰爆发"
module.wmod_ember_mark_fire.effect.3,"3 marks trigger a 55% weapon-damage fire burst","3 层标记触发相当于 55% 武器伤害的火焰爆发"
module.wmod_damage_up_stat.effect.1,"Weapon damage +50%","武器伤害 +50%"
module.wmod_damage_up_stat.effect.2,"Weapon damage +67.5%","武器伤害 +67.5%"
module.wmod_damage_up_stat.effect.3,"Weapon damage +85%","武器伤害 +85%"
module.wmod_expanded_magazine.effect.1,"Magazine capacity +20%","弹匣容量 +20%"
module.wmod_expanded_magazine.effect.2,"Magazine capacity +30%","弹匣容量 +30%"
module.wmod_expanded_magazine.effect.3,"Magazine capacity +40%","弹匣容量 +40%"
module.wmod_fast_reload.effect.1,"Reload duration -15%","换弹时长 -15%"
module.wmod_fast_reload.effect.2,"Reload duration -22%","换弹时长 -22%"
module.wmod_fast_reload.effect.3,"Reload duration -29%","换弹时长 -29%"
module.wmod_firepower_diffusion.effect.1,"Hit 2+ unique targets within 1s: +5% damage per extra target for 2.5s","1 秒内命中至少 2 个不同目标：每个额外目标使伤害 +5%，持续 2.5 秒"
module.wmod_firepower_diffusion.effect.2,"Hit 2+ unique targets within 1s: +7% damage per extra target for 2.5s","1 秒内命中至少 2 个不同目标：每个额外目标使伤害 +7%，持续 2.5 秒"
module.wmod_firepower_diffusion.effect.3,"Hit 2+ unique targets within 1s: +9% damage per extra target for 2.5s","1 秒内命中至少 2 个不同目标：每个额外目标使伤害 +9%，持续 2.5 秒"
module.wmod_heat_capacity_heat.effect.1,"Opposing Heat changes -25%","反向 Heat 变化 -25%"
module.wmod_heat_capacity_heat.effect.2,"Opposing Heat changes -37.5%","反向 Heat 变化 -37.5%"
module.wmod_heat_capacity_heat.effect.3,"Opposing Heat changes -50%","反向 Heat 变化 -50%"
module.wmod_heat_concentration_heat.effect.1,"Up to +15% damage at matching Heat","属性与 Heat 同向时伤害最高 +15%"
module.wmod_heat_concentration_heat.effect.2,"Up to +20.25% damage at matching Heat","属性与 Heat 同向时伤害最高 +20.25%"
module.wmod_heat_concentration_heat.effect.3,"Up to +25.5% damage at matching Heat","属性与 Heat 同向时伤害最高 +25.5%"
module.wmod_heat_throttle.effect.1,"Heat shift per attack -15%","每次攻击造成的 Heat 偏移 -15%"
module.wmod_heat_throttle.effect.2,"Heat shift per attack -22%","每次攻击造成的 Heat 偏移 -22%"
module.wmod_heat_throttle.effect.3,"Heat shift per attack -29%","每次攻击造成的 Heat 偏移 -29%"
module.wmod_heat_vent_heat.effect.1,"Up to +50% neutralization at an extreme","接近冷热极值时回归中性的速度最高 +50%"
module.wmod_heat_vent_heat.effect.2,"Up to +67.5% neutralization at an extreme","接近冷热极值时回归中性的速度最高 +67.5%"
module.wmod_heat_vent_heat.effect.3,"Up to +85% neutralization at an extreme","接近冷热极值时回归中性的速度最高 +85%"
module.wmod_ice_prison_freeze.effect.1,"At 3 frost stacks: 22% chance to root for 0.55s","达到 3 层霜冻时：22% 概率定身 0.55 秒"
module.wmod_ice_prison_freeze.effect.2,"At 3 frost stacks: 30% chance to root for 0.75s","达到 3 层霜冻时：30% 概率定身 0.75 秒"
module.wmod_ice_prison_freeze.effect.3,"At 2 frost stacks: 38% chance to root for 0.95s","达到 2 层霜冻时：38% 概率定身 0.95 秒"
module.wmod_impact_coil.effect.1,"Weapon knockback +25%","武器击退 +25%"
module.wmod_impact_coil.effect.2,"Weapon knockback +35%","武器击退 +35%"
module.wmod_impact_coil.effect.3,"Weapon knockback +45%","武器击退 +45%"
module.wmod_kill_endurance.effect.1,"Kills have a 35% chance to refund 1 ammo","击杀有 35% 概率返还 1 发弹药"
module.wmod_kill_endurance.effect.2,"Kills have a 55% chance to refund 1 ammo","击杀有 55% 概率返还 1 发弹药"
module.wmod_kill_endurance.effect.3,"Kills have a 75% chance to refund 1 ammo","击杀有 75% 概率返还 1 发弹药"
module.wmod_inertial_aim.effect.1,"Stationary: +15% damage; moving: +10% attack speed","静止时：伤害 +15%；移动时：攻击速度 +10%"
module.wmod_inertial_aim.effect.2,"Stationary: +22% damage; moving: +15% attack speed","静止时：伤害 +22%；移动时：攻击速度 +15%"
module.wmod_inertial_aim.effect.3,"Stationary: +29% damage; moving: +20% attack speed","静止时：伤害 +29%；移动时：攻击速度 +20%"
module.wmod_lifesteal_on_hit.effect.1,"Heal for 10% of weapon damage, minimum 1 HP","恢复相当于武器伤害 10% 的生命，至少恢复 1 点"
module.wmod_lifesteal_on_hit.effect.2,"Heal for 13.5% of weapon damage, minimum 1 HP","恢复相当于武器伤害 13.5% 的生命，至少恢复 1 点"
module.wmod_lifesteal_on_hit.effect.3,"Heal for 17% of weapon damage, minimum 2 HP","恢复相当于武器伤害 17% 的生命，至少恢复 2 点"
module.wmod_lightning_chain_on_hit.effect.1,"Chains to 2 targets within 140 range for 30% damage","连锁至 140 范围内的 2 个目标，造成 30% 伤害"
module.wmod_lightning_chain_on_hit.effect.2,"Chains to 3 targets within 175 range for 39% damage","连锁至 175 范围内的 3 个目标，造成 39% 伤害"
module.wmod_lightning_chain_on_hit.effect.3,"Chains to 3 targets within 210 range for 48% damage","连锁至 210 范围内的 3 个目标，造成 48% 伤害"
module.wmod_magazine_pressure.effect.1,"Damage rises as the magazine empties, up to +20%","弹匣越空伤害越高，最高 +20%"
module.wmod_magazine_pressure.effect.2,"Damage rises as the magazine empties, up to +30%","弹匣越空伤害越高，最高 +30%"
module.wmod_magazine_pressure.effect.3,"Damage rises as the magazine empties, up to +40%","弹匣越空伤害越高，最高 +40%"
module.wmod_molten_splash_fire.effect.1,"Creates a 105-length splash for 25% weapon damage","产生长度为 105 的飞溅，造成 25% 武器伤害"
module.wmod_molten_splash_fire.effect.2,"Creates a 132-length splash for 36% weapon damage","产生长度为 132 的飞溅，造成 36% 武器伤害"
module.wmod_molten_splash_fire.effect.3,"Creates a 156-length splash for 46% weapon damage","产生长度为 156 的飞溅，造成 46% 武器伤害"
module.wmod_momentum_haste.effect.1,"+4% move speed and +3% attack speed per stack","每层移动速度 +4%，攻击速度 +3%"
module.wmod_momentum_haste.effect.2,"+5.5% move speed and +4.5% attack speed per stack","每层移动速度 +5.5%，攻击速度 +4.5%"
module.wmod_momentum_haste.effect.3,"+7% move speed and +6% attack speed per stack","每层移动速度 +7%，攻击速度 +6%"
module.wmod_overkill_recovery.effect.1,"Convert overkill into up to +30% damage for 4s","将过量伤害转化为最高 +30% 伤害，持续 4 秒"
module.wmod_overkill_recovery.effect.2,"Convert overkill into up to +45% damage for 4s","将过量伤害转化为最高 +45% 伤害，持续 4 秒"
module.wmod_overkill_recovery.effect.3,"Convert overkill into up to +60% damage for 4s","将过量伤害转化为最高 +60% 伤害，持续 4 秒"
module.wmod_multi_launcher.effect.1,"Projectiles per attack +1","每次攻击的投射物数量 +1"
module.wmod_multi_launcher.effect.2,"Projectiles per attack +1","每次攻击的投射物数量 +1"
module.wmod_multi_launcher.effect.3,"Projectiles per attack +2","每次攻击的投射物数量 +2"
module.wmod_penetration_momentum.effect.1,"Rapidly hit a different target: +8% damage per chain for 1.5s","快速命中不同目标：每次连锁伤害 +8%，持续 1.5 秒"
module.wmod_penetration_momentum.effect.2,"Rapidly hit a different target: +11% damage per chain for 1.5s","快速命中不同目标：每次连锁伤害 +11%，持续 1.5 秒"
module.wmod_penetration_momentum.effect.3,"Rapidly hit a different target: +14% damage per chain for 1.5s","快速命中不同目标：每次连锁伤害 +14%，持续 1.5 秒"
module.wmod_permafrost_field_freeze.effect.1,"Frosted kills create fields dealing 2 freeze damage per tick","击杀霜冻目标会生成领域，每次造成 2 点冻结伤害"
module.wmod_permafrost_field_freeze.effect.2,"Frosted kills create fields dealing 3 freeze damage per tick","击杀霜冻目标会生成领域，每次造成 3 点冻结伤害"
module.wmod_permafrost_field_freeze.effect.3,"Frosted kills create fields dealing 4 freeze damage per tick","击杀霜冻目标会生成领域，每次造成 4 点冻结伤害"
module.wmod_pierce_stat.effect.1,"Projectile pierce +2","投射物贯穿 +2"
module.wmod_pierce_stat.effect.2,"Projectile pierce +3","投射物贯穿 +3"
module.wmod_pierce_stat.effect.3,"Projectile pierce +4","投射物贯穿 +4"
module.wmod_plague_seed_dot.effect.1,"Plague seed deals 1 damage for 3 ticks","瘟疫种子造成 3 次伤害，每次 1 点"
module.wmod_plague_seed_dot.effect.2,"Plague seed deals 2 damage for 4 ticks","瘟疫种子造成 4 次伤害，每次 2 点"
module.wmod_plague_seed_dot.effect.3,"Plague seed deals 3 damage for 5 ticks","瘟疫种子造成 5 次伤害，每次 3 点"
module.wmod_projectile_speed_stat.effect.1,"Projectile travel speed +50%","投射物飞行速度 +50%"
module.wmod_projectile_speed_stat.effect.2,"Projectile travel speed +67.5%","投射物飞行速度 +67.5%"
module.wmod_projectile_speed_stat.effect.3,"Projectile travel speed +85%","投射物飞行速度 +85%"
module.wmod_quick_cycle.effect.1,"Attack interval -12%","攻击间隔 -12%"
module.wmod_quick_cycle.effect.2,"Attack interval -18%","攻击间隔 -18%"
module.wmod_quick_cycle.effect.3,"Attack interval -24%","攻击间隔 -24%"
module.wmod_recovery_magnet.effect.1,"While host weapon is main: player pickup radius +25%","宿主武器为主武器时：玩家拾取半径 +25%"
module.wmod_recovery_magnet.effect.2,"While host weapon is main: player pickup radius +40%","宿主武器为主武器时：玩家拾取半径 +40%"
module.wmod_recovery_magnet.effect.3,"While host weapon is main: player pickup radius +55%","宿主武器为主武器时：玩家拾取半径 +55%"
module.wmod_reload_blast_damage.effect.1,"Reload burst deals up to 65% weapon damage","换弹爆破最高造成 65% 武器伤害"
module.wmod_reload_blast_damage.effect.2,"Reload burst deals up to 85% weapon damage","换弹爆破最高造成 85% 武器伤害"
module.wmod_reload_blast_damage.effect.3,"Reload burst deals up to 110% weapon damage","换弹爆破最高造成 110% 武器伤害"
module.wmod_reload_damage_boost.effect.1,"Starting a reload primes the next 3 attacks for up to +20% damage","开始装填会使接下来的 3 次攻击获得最高 +20% 伤害"
module.wmod_reload_damage_boost.effect.2,"Starting a reload primes the next 4 attacks for up to +30% damage","开始装填会使接下来的 4 次攻击获得最高 +30% 伤害"
module.wmod_reload_damage_boost.effect.3,"Starting a reload primes the next 5 attacks for up to +40% damage","开始装填会使接下来的 5 次攻击获得最高 +40% 伤害"
module.wmod_reload_blast_knockback.effect.1,"Reload shockwave applies up to 150 knockback","换弹震波最高施加 150 点击退"
module.wmod_reload_blast_knockback.effect.2,"Reload shockwave applies up to 210 knockback","换弹震波最高施加 210 点击退"
module.wmod_reload_blast_knockback.effect.3,"Reload shockwave applies up to 280 knockback","换弹震波最高施加 280 点击退"
module.wmod_reload_support_boost.effect.1,"Reload grants other weapons up to +12% damage for 3s","换弹使其他武器伤害最高 +12%，持续 3 秒"
module.wmod_reload_support_boost.effect.2,"Reload grants other weapons up to +18% damage for 4s","换弹使其他武器伤害最高 +18%，持续 4 秒"
module.wmod_reload_support_boost.effect.3,"Reload grants other weapons up to +24% damage for 5s","换弹使其他武器伤害最高 +24%，持续 5 秒"
module.wmod_reload_move_boost.effect.1,"Reload grants up to +12% move speed for 3s","换弹使移动速度最高 +12%，持续 3 秒"
module.wmod_reload_move_boost.effect.2,"Reload grants up to +18% move speed for 4s","换弹使移动速度最高 +18%，持续 4 秒"
module.wmod_reload_move_boost.effect.3,"Reload grants up to +24% move speed for 5s","换弹使移动速度最高 +24%，持续 5 秒"
module.wmod_reload_shield_boost.effect.1,"Reload grants shield equal to up to 10% max HP for 3s","换弹获得最高相当于生命上限 10% 的护盾，持续 3 秒"
module.wmod_reload_shield_boost.effect.2,"Reload grants shield equal to up to 14% max HP for 4s","换弹获得最高相当于生命上限 14% 的护盾，持续 4 秒"
module.wmod_reload_shield_boost.effect.3,"Reload grants shield equal to up to 18% max HP for 5s","换弹获得最高相当于生命上限 18% 的护盾，持续 5 秒"
module.wmod_rhythm_converter.effect.1,"After a 0.8s attack pause, stored hits grant +3% damage each for 2s","停止攻击 0.8 秒后，每次储存命中使伤害 +3%，持续 2 秒"
module.wmod_rhythm_converter.effect.2,"After a 0.8s attack pause, stored hits grant +4% damage each for 2s","停止攻击 0.8 秒后，每次储存命中使伤害 +4%，持续 2 秒"
module.wmod_rhythm_converter.effect.3,"After a 0.8s attack pause, stored hits grant +5% damage each for 2s","停止攻击 0.8 秒后，每次储存命中使伤害 +5%，持续 2 秒"
module.wmod_reload_speed_link.effect.1,"Reload duration -18% while another weapon reloads","其他武器换弹时，自身换弹时长 -18%"
module.wmod_reload_speed_link.effect.2,"Reload duration -24% while another weapon reloads","其他武器换弹时，自身换弹时长 -24%"
module.wmod_reload_speed_link.effect.3,"Reload duration -30% while another weapon reloads","其他武器换弹时，自身换弹时长 -30%"
module.wmod_shatter_strike_freeze.effect.1,"Shatter adds 6% weapon damage per frost stack","碎裂每层霜冻附加 6% 武器伤害"
module.wmod_shatter_strike_freeze.effect.2,"Shatter adds 8% weapon damage per frost stack","碎裂每层霜冻附加 8% 武器伤害"
module.wmod_shatter_strike_freeze.effect.3,"Shatter adds 10% weapon damage per frost stack","碎裂每层霜冻附加 10% 武器伤害"
module.wmod_stun_on_hit.effect.1,"25% chance to stun for 0.5s","25% 概率眩晕 0.5 秒"
module.wmod_stun_on_hit.effect.2,"33.75% chance to stun for 0.7s","33.75% 概率眩晕 0.7 秒"
module.wmod_stun_on_hit.effect.3,"42.5% chance to stun for 0.9s","42.5% 概率眩晕 0.9 秒"
module.wmod_subzero_extension_freeze.effect.1,"Extend frost by 0.6s and strengthen slow by 10%","霜冻延长 0.6 秒，减速效果增强 10%"
module.wmod_subzero_extension_freeze.effect.2,"Extend frost by 0.9s and strengthen slow by 15%","霜冻延长 0.9 秒，减速效果增强 15%"
module.wmod_subzero_extension_freeze.effect.3,"Extend frost by 1.2s and strengthen slow by 20%","霜冻延长 1.2 秒，减速效果增强 20%"
module.wmod_trail_aoe_freeze.effect.1,"Freeze trail lasts 1.6s and deals 18% weapon damage","冻结轨迹持续 1.6 秒，造成 18% 武器伤害"
module.wmod_trail_aoe_freeze.effect.2,"Freeze trail lasts 2.0s and deals 24% weapon damage","冻结轨迹持续 2.0 秒，造成 24% 武器伤害"
module.wmod_trail_aoe_freeze.effect.3,"Freeze trail lasts 2.4s and deals 30% weapon damage","冻结轨迹持续 2.4 秒，造成 30% 武器伤害"
module.wmod_weakness_relay.effect.1,"Hit a debuffed enemy: +12% damage for 2.5s","命中带有减益的敌人：伤害 +12%，持续 2.5 秒"
module.wmod_weakness_relay.effect.2,"Hit a debuffed enemy: +18% damage for 2.5s","命中带有减益的敌人：伤害 +18%，持续 2.5 秒"
module.wmod_weakness_relay.effect.3,"Hit a debuffed enemy: +24% damage for 2.5s","命中带有减益的敌人：伤害 +24%，持续 2.5 秒"
module.wmod_vampiric_surge.effect.1,"Convert 40% of overkill damage into temporary shield","将 40% 过量伤害转化为临时护盾"
module.wmod_vampiric_surge.effect.2,"Convert 55% of overkill damage into temporary shield","将 55% 过量伤害转化为临时护盾"
module.wmod_vampiric_surge.effect.3,"Convert 70% of overkill damage into temporary shield","将 70% 过量伤害转化为临时护盾"
module.wmod_reload_blast_damage.detail.1,"Reload burst damages nearby enemies","换弹爆破对附近敌人造成伤害"
module.wmod_reload_blast_damage.detail.2,"Damage scales with spent ammo","伤害随已消耗弹药量提高"
module.wmod_reload_blast_knockback.detail.1,"Reload shockwave knocks back nearby enemies","换弹震波击退附近敌人"
module.wmod_reload_blast_knockback.detail.2,"Knockback scales with spent ammo","击退随已消耗弹药量提高"
module.wmod_reload_damage_boost.detail.1,"Starting a reload primes a limited number of empowered attacks","开始装填会预备有限次数的强化攻击"
module.wmod_reload_damage_boost.detail.2,"Bonus scales with spent ammo","加成随已消耗弹药量提高"
module.wmod_reload_move_boost.detail.1,"Reload grants temporary move speed","换弹获得临时移动速度加成"
module.wmod_reload_move_boost.detail.2,"Bonus scales with spent ammo","加成随已消耗弹药量提高"
module.wmod_reload_support_boost.detail.1,"Reload grants temporary damage to other weapons","换弹使其他武器获得临时伤害加成"
module.wmod_reload_support_boost.detail.2,"Bonus scales with spent ammo","加成随已消耗弹药量提高"
module.wmod_reload_shield_boost.detail.1,"Reload grants temporary shield","换弹获得临时护盾"
module.wmod_reload_shield_boost.detail.2,"Shield scales with spent ammo","护盾随已消耗弹药量提高"
module.wmod_reload_speed_link.detail.1,"Reloads faster while another weapon is reloading","其他武器换弹时，自身换弹更快"
module.wmod_trail_aoe_freeze.detail.1,"Projectiles leave freeze AoE trails","投射物会留下冻结范围轨迹"
module.wmod_trail_aoe_freeze.detail.2,"Trail duration {duration}s","轨迹持续 {duration} 秒"
mecha.4.name,Tank,Tank
mecha.1.name,Comet,流星
mecha.3.name,Melee,Melee
mecha.2.name,Long-Range Firepower,远距火力型
mecha.5.name,Turret,Turret
task_module.task_kill_common.name,Kill Task Module,击杀任务模组
task_module.task_kill_common.desc,Deploy to an active cell to add a kill objective for the next battle.,部署到已激活格子，为下一场战斗添加击杀任务。
task_module.task_hold_common.name,Hold Task Module,坚守任务模组
task_module.task_hold_common.desc,Deploy to an active cell to add a hold objective for the next battle.,部署到已激活格子，为下一场战斗添加坚守任务。
task_module.task_clear_rare.name,Clear Task Module,清理任务模组
task_module.task_clear_rare.desc,Deploy to an active cell to add a clear-cell objective for the next battle.,部署到已激活格子，为下一场战斗添加区域清理任务。
task_module.task_hunt_rare.name,Hunt Task Module,狩猎任务模组
task_module.task_hunt_rare.desc,Deploy to an active cell to add an elite hunt objective for the next battle.,部署到已激活格子，为下一场战斗添加精英狩猎任务。
task_module.task_dodge_epic.name,Dodge Task Module,闪避任务模组
task_module.task_dodge_epic.desc,Deploy to an active cell to add a dodge survival objective for the next battle.,部署到已激活格子，为下一场战斗添加闪避生存任务。
cell_effect.corrosion_1.name,Corrosion I,腐蚀 I
cell_effect.corrosion_1.desc,Creates rough corrosive terrain that slightly slows the player inside this cell.,生成腐蚀地形，使玩家在该格子内小幅减速。
cell_effect.corrosion_2.name,Corrosion II,腐蚀 II
cell_effect.corrosion_2.desc,Creates rough corrosive terrain that slows the player inside this cell.,生成腐蚀地形，使玩家在该格子内减速。
cell_effect.corrosion_3.name,Corrosion III,腐蚀 III
cell_effect.corrosion_3.desc,Creates rough corrosive terrain that heavily slows the player inside this cell.,生成腐蚀地形，使玩家在该格子内大幅减速。
cell_effect.jungle_1.name,Jungle I,丛林 I
cell_effect.jungle_1.desc,Creates dense terrain that slightly narrows player vision inside this cell.,生成茂密地形，使玩家在该格子内的视野小幅缩小。
cell_effect.jungle_2.name,Jungle II,丛林 II
cell_effect.jungle_2.desc,Creates denser terrain that narrows player vision inside this cell.,生成更茂密的地形，使玩家在该格子内的视野缩小。
cell_effect.jungle_3.name,Jungle III,丛林 III
cell_effect.jungle_3.desc,Creates very dense terrain that heavily narrows player vision inside this cell.,生成极茂密的地形，使玩家在该格子内的视野大幅缩小。
cell_effect.speed_1.name,Speed I,加速 I
cell_effect.speed_1.desc,Boosts movement speed while the player stands in this cell.,玩家站在该格子内时提高移动速度。
cell_effect.speed_2.name,Speed II,加速 II
cell_effect.speed_2.desc,Boosts movement speed while the player stands in this cell.,玩家站在该格子内时提高移动速度。
cell_effect.speed_3.name,Speed III,加速 III
cell_effect.speed_3.desc,Greatly boosts movement speed while the player stands in this cell.,玩家站在该格子内时大幅提高移动速度。
cell_effect.regen_1.name,Regen I,生命恢复 I
cell_effect.regen_1.desc,Restores 1 HP every 6 seconds while the player stands in this cell.,玩家站在该格子内时，每 6 秒恢复 1 点生命值。
cell_effect.regen_2.name,Regen II,生命恢复 II
cell_effect.regen_2.desc,Restores 1 HP every 5 seconds while the player stands in this cell.,玩家站在该格子内时，每 5 秒恢复 1 点生命值。
cell_effect.regen_3.name,Regen III,生命恢复 III
cell_effect.regen_3.desc,Restores 1 HP every 4 seconds while the player stands in this cell.,玩家站在该格子内时，每 4 秒恢复 1 点生命值。
cell_effect.lucky_strike_1.name,Lucky Strike I,幸运一击 I
cell_effect.lucky_strike_1.desc,Attacks have a small chance to add 1 bonus damage while the player stands in this cell.,玩家站在该格子内时，攻击有较低概率额外造成 1 点伤害。
cell_effect.lucky_strike_2.name,Lucky Strike II,幸运一击 II
cell_effect.lucky_strike_2.desc,Attacks have a moderate chance to add 1 bonus damage while the player stands in this cell.,玩家站在该格子内时，攻击有中等概率额外造成 1 点伤害。
cell_effect.lucky_strike_3.name,Lucky Strike III,幸运一击 III
cell_effect.lucky_strike_3.desc,Attacks have a high chance to add 1 bonus damage while the player stands in this cell.,玩家站在该格子内时，攻击有较高概率额外造成 1 点伤害。
cell_effect.double_loot_1.name,Double Loot I,双倍掉落 I
cell_effect.double_loot_1.desc,Coins and chips have a small chance to double while the player stands in this cell.,玩家站在该格子内时，金币和芯片有较低概率翻倍。
cell_effect.double_loot_2.name,Double Loot II,双倍掉落 II
cell_effect.double_loot_2.desc,Coins and chips have a moderate chance to double while the player stands in this cell.,玩家站在该格子内时，金币和芯片有中等概率翻倍。
cell_effect.double_loot_3.name,Double Loot III,双倍掉落 III
cell_effect.double_loot_3.desc,Coins and chips have a high chance to double while the player stands in this cell.,玩家站在该格子内时，金币和芯片有较高概率翻倍。
cell_effect.low_hp_berserk_1.name,Low HP Berserk I,残血狂暴 I
cell_effect.low_hp_berserk_1.desc,"At low HP, damage can scale up to x1.20 while the player stands in this cell.","玩家站在该格子内且处于低生命值时，伤害最高提升至 x1.20。"
cell_effect.low_hp_berserk_2.name,Low HP Berserk II,残血狂暴 II
cell_effect.low_hp_berserk_2.desc,"At low HP, damage can scale up to x1.35 while the player stands in this cell.","玩家站在该格子内且处于低生命值时，伤害最高提升至 x1.35。"
cell_effect.low_hp_berserk_3.name,Low HP Berserk III,残血狂暴 III
cell_effect.low_hp_berserk_3.desc,"At low HP, damage can scale up to x1.50 while the player stands in this cell.","玩家站在该格子内且处于低生命值时，伤害最高提升至 x1.50。"
